{"cameraMode":{"drawMode":0,"name":"Shaded","section":"Shading Mode"},"sceneLighting":true,"audioPlay":false,"sceneViewState":{"m_AlwaysRefresh":false,"showFog":true,"showSkybox":true,"showFlares":true,"showImageEffects":true,"showParticleSystems":true,"showVisualEffectGraphs":true,"m_FxEnabled":true},"in2DMode":false,"pivot":{"x":-2.0820047855377199,"y":3.5797619819641115,"z":-40.92709732055664},"rotation":{"x":0.0003272083413321525,"y":0.9997039437294006,"z":0.014997218735516072,"w":-0.02125743217766285},"size":27.528331756591798,"orthographic":false}