{"cameraMode":{"drawMode":0,"name":"Shaded","section":"Shading Mode"},"sceneLighting":true,"audioPlay":false,"sceneViewState":{"m_AlwaysRefresh":false,"showFog":true,"showSkybox":true,"showFlares":true,"showImageEffects":true,"showParticleSystems":true,"showVisualEffectGraphs":true,"m_FxEnabled":true},"in2DMode":false,"pivot":{"x":-0.08538001775741577,"y":2.5534799098968508,"z":-3.946138858795166},"rotation":{"x":0.30880632996559145,"y":-0.14338260889053346,"z":0.04716331884264946,"w":0.9390958547592163},"size":9.254205703735352,"orthographic":false}